文件名,类别,字节数,sha256
中国太保_中报_2022H1.pdf,中国太保定期报告,7021435,6963628b4dad8cffe86cfab813fd2b3dec4b17ea73005b33418d67f4ab54b3b4
中国太保_中报_2023H1.pdf,中国太保定期报告,5618966,fda98eb9261779ffa104a681ecfdff5109db773f63399dd74064ef24167023af
中国太保_中报_2024H1.pdf,中国太保定期报告,5353405,1226542428f362301e74428ef42b3fb5393d10589dc2d82ce6bf54f6385cc55d
中国太保_中报_2025H1.pdf,中国太保定期报告,23468177,993d19cdf2e86b20292ecb092190378159797a3780b520b85c5d69b1bc05b836
中国太保_年报_2022.pdf,中国太保定期报告,5851583,e9f0c6966802ab4ba175a918058640aca775b8b8dbf68ad2b1caa38fa21f6820
中国太保_年报_2023.pdf,中国太保定期报告,8324038,716a65f266f6ed6dc12f6906db26b84aeac4745c212c8cb8687c7a4fa0fc9dab
中国太保_年报_2024.pdf,中国太保定期报告,13373232,3b6117c82942349be225d531b342cbbaf36255d02a2556525e697164a42e6b66
中国太保_年报_2025.pdf,中国太保定期报告,13107566,3787b6a6ec1bf480be2092e7bae156bd0f1d1b7f9f28bd9226d038951c788dee
中国平安_一季报_2026Q1.pdf,中国平安集团定期报告,472994,9ad72e2a93937ea98fe6ff11baa39ac1e23a4cdc9178bec2e94b43fd3705ec5e
中国平安_业绩推介_2022FY.pdf,中国平安业绩推介材料,1999257,22022920014d754e2b84b9464dcb6ccd005d7195cfbecd627fc408a146d0310f
中国平安_业绩推介_2022H1.pdf,中国平安业绩推介材料,1572833,824f94edb548be3be5f9193167472dbb059fd3d136888727c5ac226794c199a4
中国平安_业绩推介_2022Q1.pdf,中国平安业绩推介材料,566719,0744bfbc10e002dfefca7a9ceda6fb31ad2d5960296c76404f808f796b1b65c6
中国平安_业绩推介_2022Q3.pdf,中国平安业绩推介材料,582810,b3bd689de37b4fa3860fdb686994106605707d674cd3365860785f5dd6bf3138
中国平安_业绩推介_2023FY.pdf,中国平安业绩推介材料,1164805,ed67acf206b51c8eddbef487a508ad34052eaab5d0fd4c5304cb16777267c485
中国平安_业绩推介_2023H1.pdf,中国平安业绩推介材料,1645639,ac863cee192ec5bbcb015274eb274486e0de47a1e80fd7021252d0dcc69a8f61
中国平安_业绩推介_2023Q1.pdf,中国平安业绩推介材料,589617,c2b0f6457c9bec2fd6cf524d9615ec1359aa5f20c70a5b91f7e816d395f5432d
中国平安_业绩推介_2023Q3.pdf,中国平安业绩推介材料,653926,1751b51e89ad2bf0c0c07446c58f72e729a62a5c4b017f401b2450de865c0687
中国平安_业绩推介_2024FY.pdf,中国平安业绩推介材料,1502188,9ac8440e335c1cfda1966952f19bd50abbd1a7a1947915a7e172fd396947a6ff
中国平安_业绩推介_2024H1.pdf,中国平安业绩推介材料,1570626,abe82d5177051712009e406f3b006f55431941681d0ff845534d78ae4625e9e6
中国平安_业绩推介_2024Q1.pdf,中国平安业绩推介材料,555309,1109b241cb1b041a9c8bc1cac96eb0f77832db026bb7e7f379667c3d397c0e15
中国平安_业绩推介_2024Q3.pdf,中国平安业绩推介材料,634461,3542884899c474f412a65603b7a9d99ac46b10d45c69e06baca415bd158fe2d9
中国平安_业绩推介_2025FY.pdf,中国平安业绩推介材料,3160251,590bf3a0f130d6daf7a04ec7ba70a03b057197f0052170ea71b8f7cfa97da402
中国平安_业绩推介_2025H1.pdf,中国平安业绩推介材料,1709197,3b3c627a8d5ecaccff07fb8348ba1ae51e51ccfa3af3815dd6cc9868f023d8dc
中国平安_业绩推介_2025Q1.pdf,中国平安业绩推介材料,872637,1b951c22ea47c98494ab241735346c56d46e4ab85f3b15f5c637a3946926138c
中国平安_业绩推介_2025Q3.pdf,中国平安业绩推介材料,711361,bb2b9bcde89898e45e100658f2bf0e344546726e1238b8063170fd3bf803b8c9
中国平安_业绩推介_2026Q1.pdf,中国平安业绩推介材料,906325,cc9e98ed26aa1a41a40e6203c66ea4489cf95af504b9b0192ad029d5c67db6d6
中国平安_中报_2022H1.pdf,中国平安集团定期报告,2732806,7d1f523f5267bf1c57dec26bc2bef9cd78c42c93b146c1506d493a60e6885fe5
中国平安_中报_2023H1.pdf,中国平安集团定期报告,3680351,278d3c0210a8b3c03095cb9154236fe1f81d61eb5bf8483af894cecd935efb4c
中国平安_中报_2024H1.pdf,中国平安集团定期报告,3961870,ab8b663bb74c7e92ce5f37d21ba96fcd76b2f3c80ea2a546aad9240338ecea9b
中国平安_中报_2025H1.pdf,中国平安集团定期报告,9058704,09e4ef5a495995eb45999c5adf58e53d8cb766d934d73fa500a54538347625f7
中国平安_年报_2022.pdf,中国平安集团定期报告,8959914,de6d64f43605c0906d3e187e1cce83e4f8da34929ef2f63e4ee4af7d92c3a2a0
中国平安_年报_2023.pdf,中国平安集团定期报告,8850328,69db1d13fa3d160cd37f28d73080fd4c1cf15d51f0a905a3692b12af144690e0
中国平安_年报_2024.pdf,中国平安集团定期报告,15837344,2200de3cc82c00994569551d9782575a7acc8243ae36f9f355b2aa614f98a323
中国平安_年报_2025.pdf,中国平安集团定期报告,7383009,44440c56904b4d6d95e1c6a008552448876503b6cbcfbb32ac5af721dbeb2158
中国平安财产保险股份有限公司2025年1季度偿付能力季度报告摘要 (1).pdf,中国平安集团定期报告,439220,48ff3335bfa3b48e00d797266d7b9d9673a332fe52be4525ca890c72692d2530
中国平安财产保险股份有限公司2025年1季度偿付能力季度报告摘要.pdf,中国平安集团定期报告,439220,48ff3335bfa3b48e00d797266d7b9d9673a332fe52be4525ca890c72692d2530
中国平安财产保险股份有限公司2025年2季度偿付能力季度报告摘要  (1).pdf,中国平安集团定期报告,440907,6fd325ba7a7c2224d9c7a15a214fd83872aafb3bc8b2a7a0138f344016ee5b4f
中国平安财产保险股份有限公司2025年2季度偿付能力季度报告摘要 .pdf,中国平安集团定期报告,440907,6fd325ba7a7c2224d9c7a15a214fd83872aafb3bc8b2a7a0138f344016ee5b4f
人保财险_中报_2022H1.pdf,人保财险定期报告,10589842,e5f8ca8007a85dfbefee54c750ddf15180349f12b06c587aa3495429df7c1e17
人保财险_中报_2023H1.pdf,人保财险定期报告,2676541,111a27ae9bbbaa7b133331965c4a97ba8689716009191d0728f02009a3de91df
人保财险_中报_2024H1.pdf,人保财险定期报告,4034391,dfc4ac586fe69f8c1ab6f4a1ef950a735c64096771ee74edf2e9336e1fc8ed7e
人保财险_中报_2025H1.pdf,人保财险定期报告,3819780,4daf37186e53439c7f734d38590d756bc983ac6ce8e8440a1ee37877913031d8
人保财险_年报_2022.pdf,人保财险定期报告,4853582,f5e62e88c6cfbd5762941f27a19fa820b836c85cbc2da96ab882cf0a10ed07d1
人保财险_年报_2023.pdf,人保财险定期报告,6731204,21c76775ef13228abf0fbda733ef6353b1eeb55c84a90244458a3597edb30d3b
人保财险_年报_2024.pdf,人保财险定期报告,3499667,d299685cd8ccf6bc6f5580172cca9b24f5150d322351800e082db35842891973
人保财险_年报_2025.pdf,人保财险定期报告,4816401,36363db8e934dcfea8124a5b9450f7a26bf13be949cb28254b51873328a126f2
平安产险2025年3季度偿付能力季度报告摘要 (1).pdf,平安产险年度信息披露报告,433765,c2d6f0b32963ef9ef0672db7040b42dc80a4ee8e7e563d5d9addeabae9336d6f
平安产险2025年3季度偿付能力季度报告摘要 (2).pdf,平安产险年度信息披露报告,433765,c2d6f0b32963ef9ef0672db7040b42dc80a4ee8e7e563d5d9addeabae9336d6f
平安产险2025年3季度偿付能力季度报告摘要 (3).pdf,平安产险年度信息披露报告,433765,c2d6f0b32963ef9ef0672db7040b42dc80a4ee8e7e563d5d9addeabae9336d6f
平安产险2025年3季度偿付能力季度报告摘要.pdf,平安产险年度信息披露报告,433765,c2d6f0b32963ef9ef0672db7040b42dc80a4ee8e7e563d5d9addeabae9336d6f
平安产险_偿付能力报告_2022Q1.pdf,平安产险偿付能力季度报告,1361782,2a13b54fa3a401d2035b0d78bbe37fdebe97d2d575d33a7a0c33600016c8d2ba
平安产险_偿付能力报告_2022Q2.pdf,平安产险偿付能力季度报告,1453347,bd96580692da5ad242cf54775c205c7466a837a2fe7d2d8bcd2c917c553da9e4
平安产险_偿付能力报告_2022Q3.pdf,平安产险偿付能力季度报告,1279890,0182e524c5d76955a9b4cbc75bacf62be3cbd22f7848ecd1e131e34b74223d84
平安产险_偿付能力报告_2022Q4.pdf,平安产险偿付能力季度报告,1341166,549f8f080633ac571344150e61e1749a7253d816f80cea6e386712b5f911a382
平安产险_偿付能力报告_2023Q1.pdf,平安产险偿付能力季度报告,1323661,8c6fcbceae104ddedfef5ca3d3c4e2c52811d86713f7e64062802705d91669e9
平安产险_偿付能力报告_2023Q2.pdf,平安产险偿付能力季度报告,896428,6754f01876b3c90f98f5e9fc0c9ecd50f0213546177cfdca8ef063aef5cc66a7
平安产险_偿付能力报告_2023Q3.pdf,平安产险偿付能力季度报告,918909,0ce1fcbe0d07b349dee85271203ab2b7bf44a44e1224bd618a2c6c3f80a1ba8e
平安产险_偿付能力报告_2023Q4.pdf,平安产险偿付能力季度报告,674251,29ace03e97f5031ac5b96320c4181548d109cefb3312f9de9ae3575c7c0a551f
平安产险_偿付能力报告_2024Q1.pdf,平安产险偿付能力季度报告,631779,7bdf6ca5713515b62e62f60e14c4ed86051439d311cecd1d51b410566d1f0d60
平安产险_偿付能力报告_2024Q2.pdf,平安产险偿付能力季度报告,659836,0174f2b474c248846976ae1e956dd0098d641e83613a921d201211b897f06334
平安产险_偿付能力报告_2024Q3.pdf,平安产险偿付能力季度报告,656067,d422e1fad34cf56376cac464366c4dd6964ea0fb36165cdcaec462c49fc1fe53
平安产险_偿付能力报告_2024Q4.pdf,平安产险偿付能力季度报告,459829,fe77447f37d9fd8566068957d046fcace7f41582a30265bad0654e5bf0605919
平安产险_偿付能力报告_2025Q1.pdf,平安产险偿付能力季度报告,439220,48ff3335bfa3b48e00d797266d7b9d9673a332fe52be4525ca890c72692d2530
平安产险_偿付能力报告_2025Q2.pdf,平安产险偿付能力季度报告,440907,6fd325ba7a7c2224d9c7a15a214fd83872aafb3bc8b2a7a0138f344016ee5b4f
平安产险_偿付能力报告_2025Q3.pdf,平安产险偿付能力季度报告,433765,c2d6f0b32963ef9ef0672db7040b42dc80a4ee8e7e563d5d9addeabae9336d6f
平安产险_偿付能力报告_2025Q4.pdf,平安产险偿付能力季度报告,452810,ba35f7bc85998e8d9a71f2c5a0fbb44460c2beaefdd945c79d69df82c023e907
平安产险_偿付能力报告_2026Q1.pdf,平安产险偿付能力季度报告,434022,cfad2ddceabe82671e503d3db48f628119b8862d70a60cda51646841a66bc66d
平安产险_年度信息披露报告_2022.pdf,平安产险年度信息披露报告,3347803,6a348f0d04d13d92af52e7c6397e1fbda6e16c32cf97acc4eabb8375e2a9f98c
平安产险_年度信息披露报告_2023.pdf,平安产险年度信息披露报告,3345573,b60a0792a76a5afd971a279646abfda0750a5526642195ca77a357c01cdb2fa0
平安产险_年度信息披露报告_2024.pdf,平安产险年度信息披露报告,2876511,9320e91aefea1d5d884c3e1be002bf1d8745b8650dd0909b488ef2cfbfdfaab3
平安产险_年度信息披露报告_2025.pdf,平安产险年度信息披露报告,3153096,a259136e532c33a98c348307b55b2a58c23dcebf4256f5a1c55c355f2c07c29b
监管总局_保险业经营情况表_2022-01.xlsx,金融监管总局月度经营数据,12200,6e12e21c916d05501fd580afc40ebd0f6664bc732f0295c5688101f698a4f9f7
监管总局_保险业经营情况表_2022-02.xlsx,金融监管总局月度经营数据,16899,41599090bd3db888264e48a16182debb759c5a0f97e13a37d204600ef4fb0a60
监管总局_保险业经营情况表_2022-03.xlsx,金融监管总局月度经营数据,9814,efd98ca8cc45d86d9a6c3d2835dd7afc963c09480a9b25235a7458e4abd0c9ba
监管总局_保险业经营情况表_2022-04.xlsx,金融监管总局月度经营数据,15414,ac6f2f6d770e4d9bf997aa2224e21bfb1e0c22d59a692ad8f53606788eb34bc3
监管总局_保险业经营情况表_2022-05.xlsx,金融监管总局月度经营数据,11804,d13c65404c5463d9327c648389e369440083d92a35fb5bc507b00e96360676ec
监管总局_保险业经营情况表_2022-06.xlsx,金融监管总局月度经营数据,11790,a40c028ac22bf9ef887296dcfc8f18ec882bdbb9950da2734e39e5158072a8aa
监管总局_保险业经营情况表_2022-07.xlsx,金融监管总局月度经营数据,11824,0123902199fc3fde37d5ca858528310c6721cd0f1bef5e14414a58ad31323bbe
监管总局_保险业经营情况表_2022-08.xlsx,金融监管总局月度经营数据,16693,554f7a09d0b09fc7ec10cab7e05956cd213d472fa32c802daa69e75432304bec
监管总局_保险业经营情况表_2022-09.xlsx,金融监管总局月度经营数据,11831,93c59bac4b6a10c3074a50d5a0b96033902d2884b9b350d15b868620e55134a9
监管总局_保险业经营情况表_2022-10.xlsx,金融监管总局月度经营数据,13818,cdefd86a4b380913ebe54b8965c0ea992416d6057ec2bf00f8a906122031404d
监管总局_保险业经营情况表_2022-11.xlsx,金融监管总局月度经营数据,11807,369ffd0ab25aaed8d6391526aaaa7f864bdfa5dca10734803e280ed14f6c6e2b
监管总局_保险业经营情况表_2022-12.xlsx,金融监管总局月度经营数据,11835,e541320c3cb6484d9ffb8f2baad8897397148d04873ad1bf0ecc66097bff4d89
监管总局_保险业经营情况表_2023-01.xlsx,金融监管总局月度经营数据,11348,46f62e06e0a5a59dab8a5fd97e89233726136e6ad6fb4950b91eb4940e4f0143
监管总局_保险业经营情况表_2023-02.xlsx,金融监管总局月度经营数据,16015,8daf89a9f21a2cda5b182acc32d69fd854cc15e0736a64f6b71935f0e685ece9
监管总局_保险业经营情况表_2023-03.xlsx,金融监管总局月度经营数据,11322,b47a8954e72a82ab549096ee94a8483e544deca3174bff6962594fb0d93af491
监管总局_保险业经营情况表_2023-04.xlsx,金融监管总局月度经营数据,11316,931a6bd1173fa692803a361599b3d888edca3af041128d730e139c0901180f15
监管总局_保险业经营情况表_2023-05.xls,金融监管总局月度经营数据,10752,7071d96919eed5249f60708c3bb718737b2a8cca0e3d6db7b26975e9a01611cb
监管总局_保险业经营情况表_2023-06.xlsx,金融监管总局月度经营数据,11358,42e63fbaf9811325dbc23f121f6d01e650e18e28131f540d48b9b5c12f5d5444
监管总局_保险业经营情况表_2023-07.xls,金融监管总局月度经营数据,23040,72483ce9841ee8012d15eb4fe00746b4568e44760bb322b587637c513ed19845
监管总局_保险业经营情况表_2023-08.xlsx,金融监管总局月度经营数据,15897,78017104516471efbaef17335033834b99486c9abb98d47d9b76fdec871d9a19
监管总局_保险业经营情况表_2023-09.xlsx,金融监管总局月度经营数据,11357,574148038dba9d196e121a2b4c984b53c8d62df4a3d9c3fa009e2cff266b1c09
监管总局_保险业经营情况表_2023-10.xls,金融监管总局月度经营数据,22016,53ba60bb8aa2106bbf34edd517841f0df333f684482e29fa27c40e616eed937a
监管总局_保险业经营情况表_2023-11.xls,金融监管总局月度经营数据,23040,b0ed7028d71ca3bf1106eb90ff72b4039a2a4143a57dc23f997d300c09dfdebb
监管总局_保险业经营情况表_2023-12.xlsx,金融监管总局月度经营数据,16092,f12812e71678854ba844c38dd48f24c1ef05bb46923b9410f53063208257487d
监管总局_保险业经营情况表_2024-01.xls,金融监管总局月度经营数据,18432,a1ac828fef9c9dc5dfe45597e033bf472cf4d9763460b2933a922c3a63eef226
监管总局_保险业经营情况表_2024-02.xls,金融监管总局月度经营数据,21504,f484b5e7744c68674b9338ee33677c0a74cdc5b3d81716620c97f0dfb0e8c58a
监管总局_保险业经营情况表_2024-03.xls,金融监管总局月度经营数据,18432,61637210b00c13f378d64a406e8eaca3c6aa7e0adeb18d487574e19e7606f115
监管总局_保险业经营情况表_2024-04.xls,金融监管总局月度经营数据,22528,84de32343284500ac8fc21ce4ff24774f1e9a118bae12cef415f8eb5c49d0c9e
监管总局_保险业经营情况表_2024-05.xls,金融监管总局月度经营数据,18432,3060410fbf05de654723dd444161a05fc204186608ab57955fcf2dcdd8bc53df
监管总局_保险业经营情况表_2024-06.xls,金融监管总局月度经营数据,18432,bd48bc3b62482e0cea334351d513d1e5c39c4bb7207c5044a9afc90bb3cc4c69
监管总局_保险业经营情况表_2024-07.xls,金融监管总局月度经营数据,18432,df389706c8b89d4ac5bcfb3ae96bedae8f65f54a9795d25c430debf57a36d2fa
监管总局_保险业经营情况表_2024-08.xls,金融监管总局月度经营数据,21504,327a860fd3c2596db3e5ac04681035bfa551a25e1bac48c02c9e16d04fdc819f
监管总局_保险业经营情况表_2024-09.xlsx,金融监管总局月度经营数据,16291,be0d2542e81e1b24102239b8464cef831bc361dacd4d502a33becbad8aae65d4
监管总局_保险业经营情况表_2024-10.xls,金融监管总局月度经营数据,18432,1dbee3bbf1a1fed92c8cd433197ad95af37288ea22f4d9bc57225792759ded58
监管总局_保险业经营情况表_2024-11.xls,金融监管总局月度经营数据,18432,4508743de2d2d7fc75f3afc305c362fb2b2d2c19d42312e9912fd31c4e6dc13f
监管总局_保险业经营情况表_2024-12.xls,金融监管总局月度经营数据,18432,c53dd0181903210c2816b978a95b530705280035f4e24152e706c7aa70a98306
监管总局_保险业经营情况表_2025-01.xls,金融监管总局月度经营数据,22016,b3e9a6633edfa5c2a0c1f228782544056e8d69f040fa88829e41ea9807e1eadf
监管总局_保险业经营情况表_2025-02.xls,金融监管总局月度经营数据,22016,b213b45bf129fa961027868a32861c2444d10d2845c1679e67bd34ff2f6b7edb
监管总局_保险业经营情况表_2025-03.xlsx,金融监管总局月度经营数据,11834,5bf4cd89239376f8d6c7581af9f9aa228979d30720e83584c77b21e194f67cac
监管总局_保险业经营情况表_2025-04.xls,金融监管总局月度经营数据,18944,feb27407dc4743b12e09e264687ae32ba2f50cc49ec24b5a9dd20d7ab8fee252
监管总局_保险业经营情况表_2025-05.xls,金融监管总局月度经营数据,18432,52584edb614eb84798f1123e6cb364b780349f32e1a6180f24a122132bc14821
监管总局_保险业经营情况表_2025-06.xls,金融监管总局月度经营数据,18432,7d5543f0f2e70e0d54b4baebf0ce896e78eabf0cff792ae041937e034141f6c3
监管总局_保险业经营情况表_2025-07.xls,金融监管总局月度经营数据,18432,95c16b6bdd801ada4a846baf915f6b23de3796025cb13f9d3a42083d1939e0b4
监管总局_保险业经营情况表_2025-08.xls,金融监管总局月度经营数据,18432,b6d2b42f4dabe97918fda1fcabe49c28705fe06aa59b7d5e16b1cc95d5d5d1fd
监管总局_保险业经营情况表_2025-09.xlsx,金融监管总局月度经营数据,11946,8d31e37dfeaff7a9a9cecf84d3e6ed427fc716fc6efb8337299c0110c143c9bb
监管总局_保险业经营情况表_2025-10.xls,金融监管总局月度经营数据,18432,bd51368e77eef2dbacfc4e97aa1ec3925d5eabbf09b4cc7af2b9c83601988859
监管总局_保险业经营情况表_2025-11.xls,金融监管总局月度经营数据,21504,e3b70dd53da4ebb969a2ad07b49c6d8c7658a49d594dde67ba83e763d4f3e970
监管总局_保险业经营情况表_2025-12.xls,金融监管总局月度经营数据,20992,5de64c3dce1d065110fef41e5ec76d096eaed9476c76f86136a93916312ff501
监管总局_保险业经营情况表_2026-01.xls,金融监管总局月度经营数据,21504,9a2114924fd5ad7c2ba84e90840139090fe86cffc2c2423f437ff21319dfe9e7
监管总局_保险业经营情况表_2026-02.xls,金融监管总局月度经营数据,21504,e39c9e333ba29faf9a969d6b3db6931569a136e696408dbd9bf6a6c8ee7648ac
监管总局_保险业经营情况表_2026-03.xls,金融监管总局月度经营数据,18432,18db2c1c4aba76a91352031cd0c3d3f34a49ecc89a7c8b85967d400636a625fb
监管总局_保险业经营情况表_2026-04.xls,金融监管总局月度经营数据,20992,e86748600252c1485f2602193f1b60e6201b62d10c4d1987886496bed0569465
监管总局_保险业经营情况表_2026-05.xls,金融监管总局月度经营数据,17920,fd59d20ff35f013ba2954475b61e66bb2c6c82b10011cf9ff5407ec507ff4360
监管总局_保险业经营情况表_2026-06.xls,金融监管总局月度经营数据,17920,97be7bfdd8e0e181b58d8f25033ee696a4307118470ea61066ad27d9a97f2f15
